item,a,b,a_true,b_true
0,1.9826225467187883,0.1271335137844681,1.951763246481875,0.37415033631549827
1,2.3267285891799268,0.2949045732549287,0.8866008606413192,-0.5304611711873793
2,0.911820445300185,0.4917329628048739,0.6368906014730435,-1.2091408059796538
3,7.756779760425587,-0.05799991592702996,1.2547700480565762,-0.035616280802136614
4,1.0131314865839394,-2.1703643730537063,1.240117705515265,-2.8930927440914185
5,0.5375494516754484,-1.4152809884659379,0.8912318531024798,-2.793672323297372
6,1.0118930407340856,-1.0464001348980476,0.47472344461597515,-2.9084697660325114
7,0.5163595281701762,0.4936764193251093,0.5750818777158017,-0.9082297806071966
8,0.7389466348346438,-1.1157888646244256,1.1005409568951523,-2.4308827391170054
9,1.198879014173432,0.1538486326862525,0.9746011537067217,0.7659667959045987
10,3.0478037783445946,-0.3579347003953025,2.194819865241151,-0.9733622455663882
11,3.4264868598199048,0.4139897666819691,1.2803966947725396,0.030184384910655747
12,2.9188332679622557,-0.2787031598111771,1.208914006512129,-1.2168909458064439
13,3.0784614942793844,0.8037564759660354,1.646753257984942,1.5001480215170333
14,2.1364043167886906,0.9281397983148508,1.8730336797246336,1.447260838411306
15,3.2993363553112247,-0.34579670105846266,2.6831073951264446,-0.7103551727957558
16,2.586279817662068,-1.4849008152823775,1.4139564297719316,-2.238372482174496
17,0.8834490038072603,-0.7937182877152701,0.49709311422246316,-2.5408566162257027
18,2.32383315016019,-0.40903328844356035,0.5245995980663775,-1.0297352438644958
19,1.019914340425272,0.16735746170061316,0.42091483758148046,0.12643623722991196
20,3.584499607072663,0.6673404531262551,1.6508951830337046,0.8198437589642662
21,0.7104555689961867,1.1895405603553277,0.7584492502787171,0.982127532241236
22,0.7248246167935942,-1.5775479536415573,0.8637614893349457,-2.888837203278408
23,2.1022937969799296,-0.05466929564730011,0.7333153668305047,-0.18389931505690174
24,1.4382399818916742,-0.5511381837814745,1.3098327124695375,-1.0922195356502147
25,1.3009345770188039,0.9184267607750952,1.383134483800992,0.9179017017347597
26,1.2754596938620772,1.2470910775810011,1.2418301233410656,2.010908465468072
27,0.8478076951512171,-1.6239569140266332,0.3689118295639484,-3.1856216401090087
28,1.961427520825857,-0.05906776471226317,0.8962416981158283,0.423229457974765
29,1.830015651186664,1.0032869067627876,1.0754338885863177,0.507802752455899
30,3.648669632278246,0.2567968705886412,0.7149664155398191,0.6405289016799198
31,1.4726125515085853,0.987946883310497,1.1068574000339313,2.1829613243364308
32,0.9839807856150183,0.6189900194665681,0.5949657619778678,0.5321176333591953
33,1.3530537732881722,0.7585354757174456,1.4558233895162411,1.0166441777302788
34,2.895141222006607,-0.6570623089776001,2.030941760764406,-1.7507082741806177
35,1.6967550360894932,-0.27568700673039914,0.7302258308106627,-0.33887941449283754
36,1.7119555648384988,-0.6052094941795132,1.1911017541460718,-1.4235719081803437
37,2.232072834095232,-0.2295477042367996,1.1103265322376805,-0.5177117151427149
38,2.771677176450978,-0.3740022384527351,1.7620012575753605,-0.35747319444070613
39,0.8208580214630602,-0.1446243415044347,0.441398648345645,-1.316039570091175
40,0.39827897281570246,0.8667334765242978,0.3826746930789059,1.2604694140294106
41,2.623118942776739,-0.12430204350834222,1.6141401554015724,-0.33291586765508774
42,1.1278498082108521,0.29163653787816274,0.7635596586698363,0.8063784087065077
43,4.893198991983439,-0.9049818460613748,0.9699208947815985,-2.044936628736606
44,0.921124567420296,0.3317422421188263,0.7141547435811596,0.7800251821900126
45,1.3583251812061488,1.0390953479379574,0.9160391442501685,2.083625381658833
46,1.0601018994644325,0.02563171808492508,1.108549371322274,-0.5269425274996076
47,2.5485181902305754,0.4582112592969024,1.196649224458401,0.7288178963160755
48,2.5059884007370137,-0.3931301777237874,0.8185395486825313,-0.47743813668714885
49,2.3024957332215403,0.20876848352473085,0.7138774846858544,0.39615417040062717
