item,signed_residual,chi_square
0,-0.0005375823146738697,26.266704634779327
1,-0.0010598557060304413,26.131134629485818
2,-0.004492299625711341,29.70247017154982
3,5.6839063246821574e-05,6.631495999844295
4,0.017878085828504395,29.273513326410594
5,0.021929802070743867,31.67247721378606
6,0.00862648291692248,33.72635321366071
7,-0.007975434704782207,31.623813338115518
8,0.012556902788064147,31.748823510425144
9,-0.0010695906622392411,30.315000610483466
10,0.0009768702443534727,87.08734835849482
11,-0.0010107300856633033,17.063676667249464
12,0.0007931293141476004,22.493109144229376
13,-0.0021769630914056388,18.088168791591762
14,-0.003622922925011972,20.227125423504155
15,0.0008706976516868415,33.841967881607125
16,0.004791014789186204,11.211869045359867
17,0.007485224229456511,30.20431715223576
18,0.0014659697288250783,27.063728920814192
19,-0.0013747985049565963,29.66011343594939
20,-0.001556859971077979,15.576826539849062
21,-0.01393969103251331,30.46841521831519
22,0.01810354326575226,32.27301922384735
23,0.00021353308452524514,25.138747431078414
24,0.0031935588853187888,32.34026586780654
25,-0.005880915434519383,33.7841046513569
26,-0.008154324626686608,29.0643467547619
27,0.015948832359903662,29.72801387886524
28,0.00024829406899988803,29.52881170766748
29,-0.004569832943280788,49.432035250439725
30,-0.0005970043542130897,20.654125533012884
31,-0.00559094416676373,27.616102146818985
32,-0.005250079173225731,29.967394921295668
33,-0.004676038480503368,29.119944892242557
34,0.0018894614158729876,16.470090540291515
35,0.0013508599185268902,28.113941229222437
36,0.002937381356181769,26.92620988058761
37,0.0008554517558212386,25.499787804475357
38,0.0011231943356460826,19.473749488046515
39,0.0014670845233526093,30.228783974613858
40,-0.01816735300450744,32.10534151469149
41,0.0003905649269969558,22.63481974813035
42,-0.0021625649830121405,29.490868360196085
43,0.0015438394853154438,4.879228580584172
44,-0.003003997371488256,29.843386122734028
45,-0.006383547820584986,25.76740918748154
46,-0.00020828594332155114,29.52842708907722
47,-0.0015012067022334918,22.15695444703664
48,0.0013058536337209547,25.338567469439393
49,-0.0007584604479935771,25.602663788839912
