solver,raw_accuracy,theta,theta_true
0,0.64,0.46470533203611447,0.5861621836839898
1,0.62,0.2080621910013679,0.32066264590390914
2,0.52,0.14700758168920794,0.3696859069921097
3,0.2,-1.1217968428005567,-2.217892620969654
4,0.36,-0.34594940992529166,-0.8625469919612263
5,0.44,-0.07197700365246565,0.4720935227213203
6,0.82,1.3257202178987308,2.0539266994068504
7,0.48,-0.19326921114209478,-0.32583348701526593
8,0.8,1.1340541670707536,1.675979089288811
9,0.72,0.6256109123260761,1.3675931275670485
10,0.58,0.21431771273528494,0.8347680928773213
11,0.26,-0.9790586339776268,-0.929768939613523
12,0.66,0.404467167023915,0.379962812487757
13,0.26,-0.8245046772056528,-1.6224471060127776
14,0.58,-0.011332478435775754,0.1884701265432041
15,0.6,0.3242799439689263,0.5141010059082202
16,0.44,-0.07006582094225353,-0.6504275308210701
17,0.52,-0.009083057434529432,-0.2268324199286344
18,0.52,0.19411518111670528,0.10008544698221361
19,0.68,0.5630487094416099,0.014635218999992691
20,0.2,-0.9879654986260007,-2.141075733065011
21,0.3,-0.6287309798606026,-1.0347676121582767
22,0.12,-1.8098836794186406,-2.7636084267988092
23,0.82,1.179463399340586,2.062398329079942
24,0.4,-0.27965410184353257,-0.7985156601575805
25,0.6,0.2325251718943888,0.7226870279881292
26,0.74,0.8749266364126331,1.1630134746845044
27,0.84,1.0776071065067532,2.5499615178459107
28,0.4,-0.4550396322650122,-0.9075134977326
29,0.32,-0.6143716483469677,-1.7174614030167386
